brand,catalogNo,name,spec, sampleType, listPrice,memberPrice, wholesalePrice,category
艾迪生,ADS-F-KY001,超氧化物歧化酶(SOD)试剂盒-NBT法,48样,动植物组织、血清、血浆、细胞、细菌,608,364.8,456,elisa
艾迪生,ADS-F-KY001-96,超氧化物歧化酶(SOD)试剂盒-NBT法,96样,动植物组织、血清、血浆、细胞、细菌,1155,693,866.25,elisa
艾迪生,ADS-W-KY001,超氧化物歧化酶(SOD)试剂盒-NBT法,96样,动植物组织、血清、血浆、细胞、细菌,1064,638.4,798,elisa
艾迪生,ADS-W-KY001-196,超氧化物歧化酶(SOD)试剂盒-NBT法,196样,动植物组织、血清、血浆、细胞、细菌,1976,1185.6,1482,elisa
艾迪生,ADS-F-KY011,超氧化物歧化酶(SOD)试剂盒-WST-8法,48样,动植物组织、血清、血浆、细胞、细菌,593,355.8,444.75,elisa
艾迪生,ADS-F-KY011-96,超氧化物歧化酶(SOD)试剂盒-WST-8法,96样,动植物组织、血清、血浆、细胞、细菌,1094,656.4,820.5,elisa
艾迪生,ADS-W-KY011-48,超氧化物歧化酶(SOD)试剂盒-WST-8法,48样,动植物组织、血清、血浆、细胞、细菌,608,364.8,456,elisa
艾迪生,ADS-W-KY011,超氧化物歧化酶(SOD)试剂盒-WST-8法,96样,动植物组织、血清、血浆、细胞、细菌,1049,629.4,786.75,elisa
艾迪生,ADS-W-KY011-196,超氧化物歧化酶(SOD)试剂盒-WST-8法,196样,动植物组织、血清、血浆、细胞、细菌,1946,1167.6,1459.5,elisa
艾迪生,ADS-F-KY002,过氧化氢酶(CAT)试剂盒,48样,动植物组织、血清、血浆、细胞、细菌,274,164.4,205.5,elisa
艾迪生,ADS-F-KY002-96,过氧化氢酶(CAT)试剂盒,96样,动植物组织、血清、血浆、细胞、细菌,517,310.2,387.75,elisa
艾迪生,ADS-W-KY002-48,过氧化氢酶(CAT)试剂盒,48样,动植物组织、血清、血浆、细胞、细菌,228,136.8,171,elisa
艾迪生,ADS-W-KY002,过氧化氢酶(CAT)试剂盒,96样,动植物组织、血清、血浆、细胞、细菌,410,246,307.5,elisa
艾迪生,ADS-W-KY002-196,过氧化氢酶(CAT)试剂盒,196样,动植物组织、血清、血浆、细胞、细菌,775,465,581.25,elisa
艾迪生,ADS-F-KY003,过氧化物酶(POD)试剂盒,48样,动植物组织、血清、血浆、细胞、细菌,441,264.6,330.75,elisa
艾迪生,ADS-F-KY003-96,过氧化物酶(POD)试剂盒,96样,动植物组织、血清、血浆、细胞、细菌,821,492.6,615.75,elisa
艾迪生,ADS-W-KY003-48,过氧化物酶(POD)试剂盒,48样,动植物组织、血清、血浆、细胞、细菌,471,282.6,353.25,elisa
艾迪生,ADS-W-KY003,过氧化物酶(POD)试剂盒,96样,动植物组织、血清、血浆、细胞、细菌,882,529.2,661.5,elisa
艾迪生,ADS-W-KY003-196,过氧化物酶(POD)试剂盒,196样,动植物组织、血清、血浆、细胞、细菌,1672,1003.2,1254,elisa
艾迪生,ADS-F-KN005,苯丙氨酸解氨酶(PAL)试剂盒,48样,动植物组织,684,410.4,513,elisa
艾迪生,ADS-W-KN005-48,苯丙氨酸解氨酶(PAL)试剂盒,48样,动植物组织,684,410.4,513,elisa
艾迪生,ADS-W-KN005,苯丙氨酸解氨酶(PAL)试剂盒,96样,动植物组织,1292,775.2,969,elisa
艾迪生,ADS-F-YH005-24,多酚氧化酶(PPO)试剂盒,24样,动植物组织、昆虫、细胞、真菌、细菌、液体,417,250.2,312.75,elisa
艾迪生,ADS-F-YH005-48,多酚氧化酶(PPO)试剂盒,48样,动植物组织、昆虫、细胞、真菌、细菌、液体,623,373.8,467.25,elisa
艾迪生,ADS-W-YH005-48,多酚氧化酶(PPO)试剂盒,48样,动植物组织、昆虫、细胞、真菌、细菌、液体,1216,729.6,912,elisa
艾迪生,ADS-W-YH005-96,多酚氧化酶(PPO)试剂盒,96样,动植物组织、昆虫、细胞、真菌、细菌、液体,1333,799.8,999.75,elisa
艾迪生,ADS-F-AJS004,脯氨酸(PRO)含量试剂盒,48样,动植物组织、血清、血浆、细胞、细菌,760,456,570,elisa
艾迪生,ADS-F-AJS004-96,脯氨酸(PRO)含量试剂盒,96样,动植物组织、血清、血浆、细胞、细菌,1368,820.8,1026,elisa
艾迪生,ADS-W-AJS004-48,脯氨酸(PRO)含量试剂盒,48样,动植物组织、血清、血浆、细胞、细菌,699,419.4,524.25,elisa
艾迪生,ADS-W-AJS004,脯氨酸(PRO)含量试剂盒,96样,动植物组织、血清、血浆、细胞、细菌,1368,820.8,1026,elisa
艾迪生,ADS-F-YH002,丙二醛(MDA)试剂盒,48样,动植物组织、血清、血浆、细胞、细菌,243,145.8,182.25,elisa
艾迪生,ADS-F-YH002-96,丙二醛(MDA)试剂盒,96样,动植物组织、血清、血浆、细胞、细菌,456,273.6,342,elisa
艾迪生,ADS-W-YH002-48,丙二醛(MDA)试剂盒,48样,动植物组织、血清、血浆、细胞、细菌,304,182.4,228,elisa
艾迪生,ADS-W-YH002,丙二醛(MDA)试剂盒,96样,动植物组织、血清、血浆、细胞、细菌,365,219,273.75,elisa
艾迪生,ADS-W-YH002-196,丙二醛(MDA)试剂盒,196样,动植物组织、血清、血浆、细胞、细菌,699,419.4,524.25,elisa
艾迪生,ADS-F-YH003-48,黄嘌呤氧化酶（XOD）试剂盒,48样,动植物组织、血清、血浆、细胞、细菌,441,264.6,330.75,elisa
艾迪生,ADS-W-YH003,黄嘌呤氧化酶（XOD）试剂盒,96样,动植物组织、血清、血浆、细胞、细菌,790,474,592.5,elisa
艾迪生,ADS-F-YH012,超氧阴离子(OFR)含量/超氧阴离子产生速率检测试剂盒,48样,动植物组织、血清、血浆、培养液、细胞、细菌,800,480,600,elisa
艾迪生,ADS-W-YH012-48,超氧阴离子(OFR)含量/超氧阴离子产生速率检测试剂盒,48样,动植物组织、血清、血浆、培养液、细胞、细菌,804,482.4,603,elisa
艾迪生,ADS-W-YH012,超氧阴离子(OFR)含量/超氧阴离子产生速率检测试剂盒,96样,动植物组织、血清、血浆、培养液、细胞、细菌,1583,949.8,1187.25,elisa
艾迪生,ADS-F-YH006-24,蛋白质羰基（PCO）试剂盒,24样,动植物组织、血清、血浆、细胞、细菌,500,300,375,elisa
艾迪生,ADS-F-YH006-48,蛋白质羰基（PCO）试剂盒,48样,动植物组织、血清、血浆、细胞、细菌,760,456,570,elisa
艾迪生,ADS-W-YH006-48,蛋白质羰基（PCO）试剂盒,48样,动植物组织、血清、血浆、细胞、细菌,800,480,600,elisa
艾迪生,ADS-W-YH006-96,蛋白质羰基（PCO）试剂盒,96样,动植物组织、血清、血浆、细胞、细菌,1338,802.8,1003.5,elisa
艾迪生,ADS-F-YH007-24,二胺氧化酶(DAO)试剂盒,24样,动植物组织、血清、血浆、细胞、细菌,633,379.8,474.75,elisa
艾迪生,ADS-F-YH007-48,二胺氧化酶(DAO)试剂盒,48样,动植物组织、血清、血浆、细胞、细菌,882,529.2,661.5,elisa
艾迪生,ADS-W-YH007-48,二胺氧化酶(DAO)试剂盒,48样,动植物组织、血清、血浆、细胞、细菌,730,438,547.5,elisa
艾迪生,ADS-W-YH007-96,二胺氧化酶(DAO)试剂盒,96样,动植物组织、血清、血浆、细胞、细菌,1429,857.4,1071.75,elisa
艾迪生,ADS-F-YH001,过氧化氢(H2O2)试剂盒,48样,动植物组织、血清、血浆、细胞、细菌,258,154.8,193.5,elisa
艾迪生,ADS-W-YH001-48,过氧化氢(H2O2)试剂盒,48样,动植物组织、血清、血浆、细胞、细菌,289,173.4,216.75,elisa
艾迪生,ADS-W-YH001,过氧化氢(H2O2)试剂盒,96样,动植物组织、血清、血浆、细胞、细菌,502,301.2,376.5,elisa
艾迪生,ADS-F-GOD001,葡萄糖氧化酶（GOD）活性测定试剂盒,48样,动植物组织、血清、血浆、细胞、细菌,320,192,240,elisa
艾迪生,ADS-W-GOD001,葡萄糖氧化酶（GOD）活性测定试剂盒,96样,动植物组织、血清、血浆、细胞、细菌,532,319.2,399,elisa
艾迪生,ADS-F-KY022,植物类黄酮（Flavonoid）检测试剂盒,48样,植物组织,547,328.2,410.25,elisa
艾迪生,ADS-W-KY022,植物类黄酮（Flavonoid）检测试剂盒,96样,植物组织,1064,638.4,798,elisa
艾迪生,ADS-F-KY010,尿酸(UA)含量检测试剂盒,48样,动物组织/细胞/液体（如尿液、血清等）,152,91.2,114,elisa
艾迪生,ADS-W-KY010,尿酸(UA)含量检测试剂盒,96样,动物组织/细胞/液体（如尿液、血清等）,182,109.2,136.5,elisa
艾迪生,ADS-F-KY006,羟自由基清除能力试剂盒,48样,动植物组织、液体、细胞、细菌,608,364.8,456,elisa
艾迪生,ADS-W-KY006-48,羟自由基清除能力试剂盒,48样,动植物组织、液体、细胞、细菌,652,391.2,489,elisa
艾迪生,ADS-W-KY006,羟自由基清除能力试剂盒,96样,动植物组织、液体、细胞、细菌,882,529.2,661.5,elisa
艾迪生,ADS-F-KY023,铜蓝蛋白检测试剂盒,48样,血浆,250,150,187.5,elisa
艾迪生,ADS-W-KY023,铜蓝蛋白检测试剂盒,96样,血浆,483,289.8,362.25,elisa
艾迪生,ADS-F-KY024,植物原花青素(OPC)检测试剂盒,48样,植物组织、液体,1333,799.8,999.75,elisa
艾迪生,ADS-W-KY024,植物原花青素(OPC)检测试剂盒,96样,植物组织、液体,2667,1600.2,2000.25,elisa
艾迪生,ADS-F-KY025-24,植物总酚(TP)检测试剂盒,24样,植物组织、液体,304,182.4,228,elisa
艾迪生,ADS-F-KY025,植物总酚(TP)检测试剂盒,48样,植物组织、液体,623,373.8,467.25,elisa
艾迪生,ADS-W-KY025,植物总酚(TP)检测试剂盒,48样,植物组织、液体,608,364.8,456,elisa
艾迪生,ADS-W-KY025-96,植物总酚(TP)检测试剂盒,96样,植物组织、液体,1231,738.6,923.25,elisa
艾迪生,ADS-F-KY005-48,总抗氧化能力(T-AOC)检测试剂盒,48样,动植物组织、血清、血浆、唾液、尿液、细胞、细菌,228,136.8,171,elisa
艾迪生,ADS-W-KY005-48,总抗氧化能力(T-AOC)检测试剂盒,48样,动植物组织、血清、血浆、唾液、尿液、细胞、细菌,274,164.4,205.5,elisa
艾迪生,ADS-W-KY005-96,总抗氧化能力(T-AOC)检测试剂盒,96样,动植物组织、血清、血浆、唾液、尿液、细胞、细菌,456,273.6,342,elisa
艾迪生,ADS-F-KY015-48,总巯基（TTs）检测试剂盒,48样,动植物组织、血清、血浆,182,109.2,136.5,elisa
艾迪生,ADS-W-KY015-96,总巯基（TTs）检测试剂盒,96样,动植物组织、血清、血浆,304,182.4,228,elisa
艾迪生,ADS-F-FM001,辅酶Ⅰ NAD+/NADH含量检测试剂盒,24样,动植物组织、血清、血浆、细胞、细菌,806,483.6,604.5,elisa
艾迪生,ADS-W-FM001,辅酶Ⅰ NAD+/NADH含量检测试剂盒,48样,动植物组织、血清、血浆、细胞、细菌,1444,866.4,1083,elisa
艾迪生,ADS-F-FM007,NADH氧化酶(NOX)试剂盒,48样,动植物组织、细胞、细菌,669,401.4,501.75,elisa
艾迪生,ADS-W-FM007,NADH氧化酶(NOX)试剂盒,96样,动植物组织、细胞、细菌,1292,775.2,969,elisa
艾迪生,ADS-F-FM005,NADP-苹果酸脱氢酶(NADP-MDH)试剂盒,48样,动植物组织、血清、血浆、细胞、细菌,456,273.6,342,elisa
艾迪生,ADS-W-FM005,NADP-苹果酸脱氢酶(NADP-MDH)试剂盒,96样,动植物组织、血清、血浆、细胞、细菌,882,529.2,661.5,elisa
艾迪生,ADS-F-FM002-48,NAD激酶(NADK)试剂盒,48样,动植物组织、血清、血浆、细胞、细菌,1277,766.2,957.75,elisa
艾迪生,ADS-W-FM002-96,NAD激酶(NADK)试剂盒,96样,动植物组织、血清、血浆、细胞、细菌,2037,1222.2,1527.75,elisa
艾迪生,ADS-F-FM004,NAD-苹果酸脱氢酶(NAD-MDH)试剂盒,48样,动植物组织、血清、血浆、细胞、细菌,395,237,296.25,elisa
艾迪生,ADS-W-FM004,NAD-苹果酸脱氢酶(NAD-MDH)试剂盒,96样,动植物组织、血清、血浆、细胞、细菌,775,465,581.25,elisa
艾迪生,ADS-F-GH004-25,二磷酸核酮糖羧化酶(Rubisco)试剂盒,24样,植物组织、细胞、细菌,2736,1641.6,2052,elisa
艾迪生,ADS-F-GH004-50,二磷酸核酮糖羧化酶(Rubisco)试剂盒,48样,植物组织、细胞、细菌,4256,2553.6,3192,elisa
艾迪生,ADS-W-GH004-48,二磷酸核酮糖羧化酶(Rubisco)试剂盒,48样,植物组织、细胞、细菌,3192,1915.2,2394,elisa
艾迪生,ADS-W-GH004,二磷酸核酮糖羧化酶(Rubisco)试剂盒,96样,植物组织、细胞、细菌,5776,3465.6,4332,elisa
艾迪生,ADS-F-FM008-09,柠檬酸合酶(CS)检测试剂盒,9样,动植物组织、细胞、细菌,1333,799.8,999.75,elisa
艾迪生,ADS-F-FM008-100,柠檬酸合酶(CS)检测试剂盒,24样,动植物组织、细胞、细菌,3344,2006.4,2508,elisa
艾迪生,ADS-F-FM008-48,柠檬酸合酶(CS)检测试剂盒,48样,动植物组织、细胞、细菌,6667,4000.2,5000.25,elisa
艾迪生,ADS-W-FM008,柠檬酸合酶(CS)检测试剂盒,48样,动植物组织、细胞、细菌,4864,2918.4,3648,elisa
艾迪生,ADS-F-FM003-48,乳酸脱氢酶(LDH)检测试剂盒,48样,动植物组织、血清、血浆、细胞、细菌,228,136.8,171,elisa
艾迪生,ADS-W-FM003-96,乳酸脱氢酶(LDH)检测试剂盒,96样,动植物组织、血清、血浆、细胞、细菌,425,255,318.75,elisa
艾迪生,ADS-F-FM022,6-磷酸葡萄糖酸脱氢酶(6PGDH)试剂盒,48样,动植物组织、血清、血浆、细胞、细菌,1094,656.4,820.5,elisa
艾迪生,ADS-W-FM022,6-磷酸葡萄糖酸脱氢酶(6PGDH)试剂盒,96样,动植物组织、血清、血浆、细胞、细菌,1900,1140,1425,elisa
艾迪生,ADS-F-FM018-48,6-磷酸葡萄糖脱氢酶(G6PDH)试剂盒,48样,动植物组织、血清、血浆、细胞、细菌,1094,656.4,820.5,elisa
艾迪生,ADS-W-FM018,6-磷酸葡萄糖脱氢酶(G6PDH)试剂盒,96样,动植物组织、血清、血浆、细胞、细菌,1900,1140,1425,elisa
艾迪生,ADS-F-FM015,辅酶ⅡNADP+/NADPH含量试剂盒,24样,动植物组织、血清、血浆、细胞、细菌,806,483.6,604.5,elisa
艾迪生,ADS-W-FM015,辅酶ⅡNADP+/NADPH含量试剂盒,48样,动植物组织、血清、血浆、细胞、细菌,1490,894,1117.5,elisa
艾迪生,ADS-F-FM036,NADP磷酸酶(NADPase)检测试剂盒,48样,植物组织,867,520.2,650.25,elisa
艾迪生,ADS-W-FM036,NADP磷酸酶(NADPase)检测试剂盒,96样,植物组织,1633,979.8,1224.75,elisa
艾迪生,ADS-F-FM020-48,NADP苹果酸酶(NADP-ME)试剂盒,48样,动植物组织、血清、血浆、细胞、细菌,486,291.6,364.5,elisa
艾迪生,ADS-W-FM020,NADP苹果酸酶(NADP-ME)试剂盒,96样,动植物组织、血清、血浆、细胞、细菌,912,547.2,684,elisa
艾迪生,ADS-F-FM021-48,NAD-苹果酸酶(NAD-ME)试剂盒,48样,动植物组织、血清、血浆、细胞、细菌,532,319.2,399,elisa
艾迪生,ADS-W-FM021,NAD-苹果酸酶(NAD-ME)试剂盒,96样,动植物组织、血清、血浆、细胞、细菌,988,592.8,741,elisa
艾迪生,ADS-F-S016,细胞质异柠檬酸脱氢酶(NADP-IDH)试剂盒,48样,动植物组织、血清、血浆、细胞、细菌,395,237,296.25,elisa
艾迪生,ADS-W-S016,细胞质异柠檬酸脱氢酶(NADP-IDH)试剂盒,96样,动植物组织、血清、血浆、细胞、细菌,760,456,570,elisa
艾迪生,ADS-F-N029-24,谷氨酸合成酶(GOGAT)检测试剂盒,24样,植物组织、细胞、细菌,1034,620.4,775.5,elisa
艾迪生,ADS-F-N029,谷氨酸合成酶(GOGAT)检测试剂盒,48样,植物组织、细胞、细菌,1140,684,855,elisa
艾迪生,ADS-W-N029-48,谷氨酸合成酶(GOGAT)检测试剂盒,48样,植物组织、细胞、细菌,1672,1003.2,1254,elisa
艾迪生,ADS-W-N029,谷氨酸合成酶(GOGAT)检测试剂盒,96样,植物组织、细胞、细菌,1823,1093.8,1367.25,elisa
艾迪生,ADS-F-N030,谷氨酸脱氢酶(GDH)检测试剂盒,48样,植物组织、细胞、细菌,760,456,570,elisa
艾迪生,ADS-W-N030,谷氨酸脱氢酶(GDH)检测试剂盒,96样,植物组织、细胞、细菌,1429,857.4,1071.75,elisa
艾迪生,ADS-F-N007,食品中亚硝酸盐含量试剂盒,48样,食品,304,182.4,228,elisa
艾迪生,ADS-W-N007,食品中亚硝酸盐含量试剂盒,96样,食品,578,346.8,433.5,elisa
艾迪生,ADS-F-N006,水土中亚硝酸盐含量试剂盒,48样,水样、土壤,213,127.8,159.75,elisa
艾迪生,ADS-W-N006,水土中亚硝酸盐含量试剂盒,96样,水样、土壤,410,246,307.5,elisa
艾迪生,ADS-F-AJS005,氨基酸(AA)含量试剂盒,48样,动植物组织、细菌、细胞、血清、血浆等液体,122,73.2,91.5,elisa
艾迪生,ADS-W-AJS005,氨基酸(AA)含量试剂盒,96样,动植物组织、细菌、细胞、血清、血浆等液体,228,136.8,171,elisa
艾迪生,ADS-F-AJS006,半胱氨酸(Cys)含量试剂盒,48样,动植物组织、细菌、细胞、血清、血浆等液体,471,282.6,353.25,elisa
艾迪生,ADS-W-AJS006,半胱氨酸(Cys)含量试剂盒,96样,动植物组织、细菌、细胞、血清、血浆等液体,912,547.2,684,elisa
艾迪生,ADS-F-AJS007-48,谷氨酸(Glu)含量试剂盒,48样,动植物组织、细菌、细胞、血清、血浆等液体,547,328.2,410.25,elisa
艾迪生,ADS-W-AJS007,谷氨酸(Glu)含量试剂盒,96样,动植物组织、细菌、细胞、血清、血浆等液体,882,529.2,661.5,elisa
艾迪生,ADS-F-N008,谷氨酰胺合成酶(GS)试剂盒,24样,植物组织、细菌、细胞,426,255.6,319.5,elisa
艾迪生,ADS-F-N008-48,谷氨酰胺合成酶(GS)试剂盒,48样,植物组织、细菌、细胞,745,447,558.75,elisa
艾迪生,ADS-W-N008,谷氨酰胺合成酶(GS)试剂盒,48样,植物组织、细菌、细胞,821,492.6,615.75,elisa
艾迪生,ADS-W-N008-96,谷氨酰胺合成酶(GS)试剂盒,96样,植物组织、细菌、细胞,1398,838.8,1048.5,elisa
艾迪生,ADS-F-AJS001-48,谷丙转氨酶/丙氨酸氨基转氨酶(GPT/ALT)试剂盒,48样,动植物组织、血清、血浆、细胞、细菌,152,91.2,114,elisa
艾迪生,ADS-W-AJS001-96,谷丙转氨酶/丙氨酸氨基转氨酶(GPT/ALT)试剂盒,96样,动植物组织、血清、血浆、细胞、细菌,182,109.2,136.5,elisa
艾迪生,ADS-F-AJS002-48,谷草转氨酶/天冬氨酸氨基转氨酶(GOT/AST)试剂盒,48样,动植物组织、血清、血浆、细胞、细菌,152,91.2,114,elisa
艾迪生,ADS-W-AJS002-96,谷草转氨酶/天冬氨酸氨基转氨酶(GOT/AST)试剂盒,96样,动植物组织、血清、血浆、细胞、细菌,182,109.2,136.5,elisa
艾迪生,ADS-F-A003,Ca2+ Mg2+—ATP酶试剂盒,24样,动植物组织、血清、血浆、细胞、细菌,304,182.4,228,elisa
艾迪生,ADS-W-A003,Ca2+ Mg2+—ATP酶试剂盒,48样,动植物组织、血清、血浆、细胞、细菌,578,346.8,433.5,elisa
艾迪生,ADS-F-A002,Na+k+—ATP酶试剂盒,24样,动植物组织、血清、血浆、细胞、细菌,289,173.4,216.75,elisa
艾迪生,ADS-W-A002,Na+k+—ATP酶试剂盒,48样,动植物组织、血清、血浆、细胞、细菌,486,291.6,364.5,elisa
艾迪生,ADS-F-TDX015,α-半乳糖苷酶(α-GAL)试剂盒,24样,动植物组织、细胞、细菌、液体,851,510.6,638.25,elisa
艾迪生,ADS-W-TDX015,α-半乳糖苷酶(α-GAL)试剂盒,48样,动植物组织、细胞、细菌、液体,1459,875.4,1094.25,elisa
艾迪生,ADS-F-TDX013,α-葡萄糖苷酶(α - GC)试剂盒,24样,动植物组织、细胞、细菌、液体,745,447,558.75,elisa
艾迪生,ADS-W-TDX013,α-葡萄糖苷酶(α - GC)试剂盒,48样,动植物组织、细胞、细菌、液体,1459,875.4,1094.25,elisa
艾迪生,ADS-F-TDX012-48,"β-1,3葡聚糖酶(β-1,3-GA)试剂盒",48样,植物组织、细菌、细胞、液体,821,492.6,615.75,elisa
艾迪生,ADS-W-TDX012-96,"β-1,3葡聚糖酶(β-1,3-GA)试剂盒",96样,植物组织、细菌、细胞、液体,1490,894,1117.5,elisa
艾迪生,ADS-F-TDX016,β-半乳糖苷酶(β-GAL)试剂盒,24样,动植物组织、细胞、细菌、液体,851,510.6,638.25,elisa
艾迪生,ADS-W-TDX016,β-半乳糖苷酶(β-GAL)试剂盒,48样,动植物组织、细胞、细菌、液体,1459,875.4,1094.25,elisa
艾迪生,ADS-F-TDX021,β-木糖苷酶试剂盒,24样,植物组织、细胞、细菌、液体,1186,711.6,889.5,elisa
艾迪生,ADS-W-TDX021,β-木糖苷酶试剂盒,48样,植物组织、细胞、细菌、液体,2098,1258.8,1573.5,elisa
艾迪生,ADS-F-TDX022,α-木糖苷酶试剂盒,24样,植物组织、细菌,2067,1240.2,1550.25,elisa
艾迪生,ADS-W-TDX022,α-木糖苷酶试剂盒,48样,植物组织、细菌,2979,1787.4,2234.25,elisa
艾迪生,ADS-F-TDX014,β-葡萄糖苷酶(β-GC)/纤维二糖酶试剂盒,24样,动植物组织、细胞、细菌、液体,745,447,558.75,elisa
艾迪生,ADS-W-TDX014,β-葡萄糖苷酶(β-GC)/纤维二糖酶试剂盒,48样,动植物组织、细胞、细菌、液体,1459,875.4,1094.25,elisa
艾迪生,ADS-F-TDX040-50,葡萄糖含量检测试剂盒,48样,动植物组织、细胞、细菌、液体（血清、发酵液）,228,136.8,171,elisa
艾迪生,ADS-W-TDX040-100,葡萄糖含量检测试剂盒,96样,动植物组织、细胞、细菌、液体（血清、发酵液）,426,255.6,319.5,elisa
艾迪生,ADS-F-TDX010-48,还原糖含量试剂盒,48样,动植物组织、血清、血浆、细胞、细菌,395,237,296.25,elisa
艾迪生,ADS-W-TDX010-96,还原糖含量试剂盒,96样,动植物组织、血清、血浆、细胞、细菌,760,456,570,elisa
艾迪生,ADS-F-TDX006-50,海藻糖含量检测试剂盒,48样,动植物组织、血清、血浆、细胞、细菌,486,291.6,364.5,elisa
艾迪生,ADS-W-TDX006-100,海藻糖含量检测试剂盒,96样,动植物组织、血清、血浆、细胞、细菌,897,538.2,672.75,elisa
艾迪生,ADS-F-TDX007,海藻糖酶(Trehalase)试剂盒,24样,动植物组织、血清、血浆、细胞、细菌,760,456,570,elisa
艾迪生,ADS-W-TDX007,海藻糖酶(Trehalase)试剂盒,48样,动植物组织、血清、血浆、细胞、细菌,1459,875.4,1094.25,elisa
艾迪生,ADS-F-TDX064-24,碱性木聚糖酶(BAX)检测试剂盒,24样,植物组织、细菌、细胞、液体、酶干粉,821,492.6,615.75,elisa
艾迪生,ADS-W-TDX064-48,碱性木聚糖酶(BAX)检测试剂盒,48样,植物组织、细菌、细胞、液体、酶干粉,1444,866.4,1083,elisa
艾迪生,ADS-F-TDX008,山梨醇含量检测试剂盒,48样,动植物组织、细胞、细菌、液体,456,273.6,342,elisa
艾迪生,ADS-W-TDX008,山梨醇含量检测试剂盒,96样,动植物组织、细胞、细菌、液体,821,492.6,615.75,elisa
艾迪生,ADS-F-TDX068,山梨醇脱氢酶(SDH)检测试剂盒,48样,动植物组织、液体、细胞、细菌,699,419.4,524.25,elisa
艾迪生,ADS-W-TDX068,山梨醇脱氢酶(SDH)检测试剂盒,96样,动植物组织、液体、细胞、细菌,1368,820.8,1026,elisa
艾迪生,ADS-F-TDX069,酸性木聚糖酶(ACX)检测试剂盒,48样,植物组织、细菌、细胞、液体、酶干粉,821,492.6,615.75,elisa
艾迪生,ADS-W-TDX069,酸性木聚糖酶(ACX)检测试剂盒,96样,植物组织、细菌、细胞、液体、酶干粉,1444,866.4,1083,elisa
艾迪生,ADS-F-TDX070,糖原含量检测试剂盒,48样,动物组织、细胞、细菌,608,364.8,456,elisa
艾迪生,ADS-W-TDX070-48,糖原含量检测试剂盒,48样,动物组织、细胞、细菌,486,291.6,364.5,elisa
艾迪生,ADS-W-TDX070,糖原含量检测试剂盒,96样,动物组织、细胞、细菌,882,529.2,661.5,elisa
艾迪生,ADS-F-TDX036-24,"内切-β-1,4-葡聚糖酶/纤维素酶试剂盒",24样,动植物组织、细胞、细菌、液体,790,474,592.5,elisa
艾迪生,ADS-W-TDX036-48,"内切-β-1,4-葡聚糖酶/纤维素酶试剂盒",48样,动植物组织、细胞、细菌、液体,1490,894,1117.5,elisa
艾迪生,ADS-F-TDX001-48,血糖含量检测试剂盒,48样,血清,228,136.8,171,elisa
艾迪生,ADS-W-TDX001-96,血糖含量检测试剂盒,96样,血清,426,255.6,319.5,elisa
艾迪生,ADS-F-TDX039-48,植物可溶性糖含量检测试剂盒,48样,植物组织、植物细胞、液体（发酵液）,274,164.4,205.5,elisa
艾迪生,ADS-W-TDX039-50,植物可溶性糖含量检测试剂盒,48样,植物组织、植物细胞、液体（发酵液）,304,182.4,228,elisa
艾迪生,ADS-W-TDX039-96,植物可溶性糖含量检测试剂盒,96样,植物组织、植物细胞、液体（发酵液）,532,319.2,399,elisa
艾迪生,ADS-F-TDX071,果糖(FT)含量检测试剂盒,48样,植物组织、液体（发酵液、蜂蜜）,395,237,296.25,elisa
艾迪生,ADS-W-TDX071,果糖(FT)含量检测试剂盒,96样,植物组织、液体（发酵液、蜂蜜）,790,474,592.5,elisa
艾迪生,ADS-F-TDX060,中性木聚糖酶（NEX）试剂盒,48样,植物组织、细菌、细胞、液体、酶干粉,821,492.6,615.75,elisa
艾迪生,ADS-W-TDX060,中性木聚糖酶（NEX）试剂盒,96样,植物组织、细菌、细胞、液体、酶干粉,1444,866.4,1083,elisa
艾迪生,ADS-F-T026,丙酮酸(pyruvic acid PA)含量检测试剂盒,48样,动植物组织、血清、血浆、细胞、细菌,684,410.4,513,elisa
艾迪生,ADS-W-T026,丙酮酸(pyruvic acid PA)含量检测试剂盒,96样,动植物组织、血清、血浆、细胞、细菌,1246,747.6,934.5,elisa
艾迪生,ADS-F-T002,丙酮酸激酶(PK)试剂盒,48样,动植物组织、血清、血浆、细胞、细菌,684,410.4,513,elisa
艾迪生,ADS-W-T002,丙酮酸激酶(PK)试剂盒,96样,动植物组织、血清、血浆、细胞、细菌,1338,802.8,1003.5,elisa
艾迪生,ADS-F-T003,果糖-6-磷酸激酶试剂盒,48样,动植物组织、血清、血浆、细胞、细菌,1034,620.4,775.5,elisa
艾迪生,ADS-W-T003,果糖-6-磷酸激酶试剂盒,96样,动植物组织、血清、血浆、细胞、细菌,1976,1185.6,1482,elisa
艾迪生,ADS-F-T001,己糖激酶(HK)试剂盒,48样,动植物组织、血清、血浆、细胞、细菌,760,456,570,elisa
艾迪生,ADS-W-T001,己糖激酶(HK)试剂盒,96样,动植物组织、血清、血浆、细胞、细菌,1490,894,1117.5,elisa
艾迪生,ADS-F-T004,磷酸烯醇式丙酮酸羧化酶(PEPC)试剂盒,48样,动植物组织、血清、血浆、细胞、细菌,821,492.6,615.75,elisa
艾迪生,ADS-W-T004,磷酸烯醇式丙酮酸羧化酶(PEPC)试剂盒,96样,动植物组织、血清、血浆、细胞、细菌,1596,957.6,1197,elisa
艾迪生,ADS-F-S019,柠檬酸(CA)含量检测试剂盒,48样,动植物组织、血清、血浆、细菌、细胞、线粒体,2736,1641.6,2052,elisa
艾迪生,ADS-W-S019-48,柠檬酸(CA)含量检测试剂盒,48样,动植物组织、血清、血浆、细菌、细胞、线粒体,2250,1350,1687.5,elisa
艾迪生,ADS-W-S019,柠檬酸(CA)含量检测试剂盒,96样,动植物组织、血清、血浆、细菌、细胞、线粒体,3648,2188.8,2736,elisa
艾迪生,ADS-F-S001,α-酮戊二酸脱氢酶(α-KGDH)试剂盒,48样,动植物组织、细胞、细菌,973,583.8,729.75,elisa
艾迪生,ADS-W-S001,α-酮戊二酸脱氢酶(α-KGDH)试剂盒,96样,动植物组织、细胞、细菌,1806,1083.6,1354.5,elisa
艾迪生,ADS-F-S004,丙酮酸脱氢酶(PDH)试剂盒,48样,动植物组织、细胞、细菌,1034,620.4,775.5,elisa
艾迪生,ADS-W-S004,丙酮酸脱氢酶(PDH)试剂盒,96样,动植物组织、细胞、细菌,1885,1131,1413.75,elisa
艾迪生,ADS-F-S003,琥珀酸脱氢酶(SDH)试剂盒,48样,动植物组织、细胞、细菌,395,237,296.25,elisa
艾迪生,ADS-W-S003,琥珀酸脱氢酶(SDH)试剂盒,96样,动植物组织、细胞、细菌,745,447,558.75,elisa
艾迪生,ADS-F-S005-48,线粒体异柠檬酸脱氢酶(ICDHm)试剂盒,48样,动植物组织、细胞、细菌,395,237,296.25,elisa
艾迪生,ADS-W-S005,线粒体异柠檬酸脱氢酶(ICDHm)试剂盒,96样,动植物组织、细胞、细菌,760,456,570,elisa
艾迪生,ADS-F-S009-09,乙酰辅酶A含量试剂盒,9样,动植物组织、细胞、细菌,833,499.8,624.75,elisa
艾迪生,ADS-F-S009,乙酰辅酶A含量试剂盒,24样,动植物组织、细胞、细菌,1976,1185.6,1482,elisa
艾迪生,ADS-F-S009-100,乙酰辅酶A含量试剂盒,48样,动植物组织、细胞、细菌,3648,2188.8,2736,elisa
艾迪生,ADS-W-S009-48,乙酰辅酶A含量试剂盒,48样,动植物组织、细胞、细菌,3496,2097.6,2622,elisa
艾迪生,ADS-W-S009,乙酰辅酶A含量试剂盒,96样,动植物组织、细胞、细菌,6840,4104,5130,elisa
艾迪生,ADS-F-FM006-48,线粒体复合体Ⅰ检测试剂盒,48样,动植物组织、细胞、细菌,2736,1641.6,2052,elisa
艾迪生,ADS-W-FM006,线粒体复合体Ⅰ检测试剂盒,96样,动植物组织、细胞、细菌,3344,2006.4,2508,elisa
艾迪生,ADS-F-X002-48,线粒体复合体Ⅱ检测试剂盒,48样,动植物组织、细胞、细菌,2736,1641.6,2052,elisa
艾迪生,ADS-W-X002,线粒体复合体Ⅱ检测试剂盒,96样,动植物组织、细胞、细菌,3344,2006.4,2508,elisa
艾迪生,ADS-F-X012,线粒体复合体Ⅲ检测试剂盒,48样,动植物组织、细胞、细菌,2402,1441.2,1801.5,elisa
艾迪生,ADS-W-X012,线粒体复合体Ⅲ检测试剂盒,96样,动植物组织、细胞、细菌,3344,2006.4,2508,elisa
艾迪生,ADS-F-X010-48,线粒体复合体Ⅳ检测试剂盒,48样,动植物组织、细胞、细菌,2402,1441.2,1801.5,elisa
艾迪生,ADS-W-X010-96,线粒体复合体Ⅳ检测试剂盒,96样,动植物组织、细胞、细菌,3344,2006.4,2508,elisa
艾迪生,ADS-F-X011-48,线粒体复合体Ⅴ检测试剂盒,48样,动植物组织、细胞、细菌,1946,1167.6,1459.5,elisa
艾迪生,ADS-W-X011-100,线粒体复合体Ⅴ检测试剂盒,48样,动植物组织、细胞、细菌,3344,2006.4,2508,elisa
艾迪生,ADS-F-DF004-24,ADPG焦磷酸化酶/腺苷二磷酸葡萄糖焦磷酸化酶(AGP)活性检测试剂盒,24样,植物组织,2500,1500,1875,elisa
艾迪生,ADS-F-DF004-100,ADPG焦磷酸化酶/腺苷二磷酸葡萄糖焦磷酸化酶(AGP)活性检测试剂盒,48样,植物组织,3496,2097.6,2622,elisa
艾迪生,ADS-W-DF004,ADPG焦磷酸化酶/腺苷二磷酸葡萄糖焦磷酸化酶(AGP)活性检测试剂盒,96样,植物组织,6688,4012.8,5016,elisa
艾迪生,ADS-F-DF002-24,α-淀粉酶(α-AL)检测试剂盒,24样,动植物组织、细菌、细胞、液体,350,210,262.5,elisa
艾迪生,ADS-W-DF002-48,α-淀粉酶(α-AL)检测试剂盒,48样,动植物组织、细菌、细胞、液体,699,419.4,524.25,elisa
艾迪生,ADS-F-DF003-24,β-淀粉酶(β-AL)检测试剂盒,24样,动植物组织、细菌、细胞、液体,684,410.4,513,elisa
艾迪生,ADS-W-DF003-48,β-淀粉酶(β-AL)检测试剂盒,48样,动植物组织、细菌、细胞、液体,1368,820.8,1026,elisa
艾迪生,ADS-F-DF010,淀粉分支酶(SBE)检测试剂盒,24样,植物组织,1034,620.4,775.5,elisa
艾迪生,ADS-W-DF010,淀粉分支酶(SBE)检测试剂盒,48样,植物组织,1763,1057.8,1322.25,elisa
艾迪生,ADS-F-DF008-48,结合态淀粉合成酶(GBSS)检测试剂盒,48样,植物组织,4773,2863.8,3579.75,elisa
艾迪生,ADS-W-DF008-48,结合态淀粉合成酶(GBSS)检测试剂盒,48样,植物组织,4545,2727,3408.75,elisa
艾迪生,ADS-W-DF008,结合态淀粉合成酶(GBSS)检测试剂盒,96样,植物组织,7539,4523.4,5654.25,elisa
艾迪生,ADS-F-DF006-100,可溶性淀粉合成酶(SSS)检测试剂盒,48样,植物组织,4773,2863.8,3579.75,elisa
艾迪生,ADS-W-DF006-48,可溶性淀粉合成酶(SSS)检测试剂盒,48样,植物组织,4545,2727,3408.75,elisa
艾迪生,ADS-W-DF006,可溶性淀粉合成酶(SSS)检测试剂盒,96样,植物组织,7539,4523.4,5654.25,elisa
艾迪生,ADS-F-ZT007,可溶性酸性转化酶（S-AI）)/液泡转化酶检测试剂盒,24样,植物组织,760,456,570,elisa
艾迪生,ADS-W-ZT007,可溶性酸性转化酶（S-AI）)/液泡转化酶检测试剂盒,48样,植物组织,1520,912,1140,elisa
艾迪生,ADS-F-ZT013,蔗糖合成酶(SS)检测试剂盒,48样,植物组织,1467,880.2,1100.25,elisa
艾迪生,ADS-W-ZT013-48,蔗糖合成酶(SS)检测试剂盒,48样,植物组织,1333,799.8,999.75,elisa
艾迪生,ADS-W-ZT013,蔗糖合成酶(SS)检测试剂盒,96样,植物组织,2500,1500,1875,elisa
艾迪生,ADS-F-ZT006,蔗糖磷酸合成酶(SPS)检测试剂盒,24样,植物组织,1064,638.4,798,elisa
艾迪生,ADS-W-ZT006,蔗糖磷酸合成酶(SPS)检测试剂盒,48样,植物组织,1976,1185.6,1482,elisa
艾迪生,ADS-W-ZT006-96,蔗糖磷酸合成酶(SPS)检测试剂盒,96样,植物组织,4000,2400,3000,elisa
艾迪生,ADS-F-ZT014,植物蔗糖酶(sucrase)检测试剂盒,48样,植物组织,1201,720.6,900.75,elisa
艾迪生,ADS-W-ZT014,植物蔗糖酶(sucrase)检测试剂盒,96样,植物组织,2280,1368,1710,elisa
艾迪生,ADS-F-ZT015,植物组织蔗糖(sucrose)含量检测试剂盒,48样,植物组织、液体,395,237,296.25,elisa
艾迪生,ADS-W-ZT015,植物组织蔗糖(sucrose)含量检测试剂盒,96样,植物组织、液体,790,474,592.5,elisa
艾迪生,ADS-F-ZT008,中性转化酶(NI)/细胞质转化酶检测试剂盒,24样,植物组织,760,456,570,elisa
艾迪生,ADS-W-ZT008,中性转化酶(NI)/细胞质转化酶检测试剂盒,48样,植物组织,1520,912,1140,elisa
艾迪生,ADS-F-TR003,土壤β-葡萄糖苷酶(S-β-GC)检测试剂盒,24样,土壤,806,483.6,604.5,elisa
艾迪生,ADS-F-TR003-48,土壤β-葡萄糖苷酶(S-β-GC)检测试剂盒,48样,土壤,1414,848.4,1060.5,elisa
艾迪生,ADS-W-TR003,土壤β-葡萄糖苷酶(S-β-GC)检测试剂盒,48样,土壤,1490,894,1117.5,elisa
艾迪生,ADS-W-TR003-96,土壤β-葡萄糖苷酶(S-β-GC)检测试剂盒,96样,土壤,2508,1504.8,1881,elisa
艾迪生,ADS-F-TR040,土壤α-葡萄糖苷酶(S-α - GC)试剂盒,24样,土壤,806,483.6,604.5,elisa
艾迪生,ADS-W-TR040,土壤α-葡萄糖苷酶(S-α - GC)试剂盒,48样,土壤,1490,894,1117.5,elisa
艾迪生,ADS-F-TR002,土壤多酚氧化酶(S-PPO)检测试剂盒,48样,土壤,638,382.8,478.5,elisa
艾迪生,ADS-W-TR002,土壤多酚氧化酶(S-PPO)检测试剂盒,96样,土壤,1186,711.6,889.5,elisa
艾迪生,ADS-F-TR005-24,土壤过氧化氢酶(S-CAT)检测试剂盒,24样,土壤,623,373.8,467.25,elisa
艾迪生,ADS-F-TR005-48,土壤过氧化氢酶(S-CAT)检测试剂盒,48样,土壤,1094,656.4,820.5,elisa
艾迪生,ADS-W-TR005,土壤过氧化氢酶(S-CAT)检测试剂盒,48样,土壤,1216,729.6,912,elisa
艾迪生,ADS-W-TR005-96,土壤过氧化氢酶(S-CAT)检测试剂盒,96样,土壤,2067,1240.2,1550.25,elisa
艾迪生,ADS-F-TR010,土壤碱性磷酸酶(S-AKP/ALP)试剂盒,48样,土壤,456,273.6,342,elisa
艾迪生,ADS-W-TR010,土壤碱性磷酸酶(S-AKP/ALP)试剂盒,96样,土壤,684,410.4,513,elisa
艾迪生,ADS-F-TR001,土壤脲酶(S-UE)检测试剂盒,24样,土壤,562,337.2,421.5,elisa
艾迪生,ADS-F-TR001-48,土壤脲酶(S-UE)检测试剂盒,48样,土壤,988,592.8,741,elisa
艾迪生,ADS-W-TR001,土壤脲酶(S-UE)检测试剂盒,48样,土壤,1125,675,843.75,elisa
艾迪生,ADS-F-TR008,土壤酸性磷酸酶(S-ACP)试剂盒,48样,土壤,456,273.6,342,elisa
艾迪生,ADS-W-TR008,土壤酸性磷酸酶(S-ACP)试剂盒,96样,土壤,684,410.4,513,elisa
艾迪生,ADS-F-TR015-24,土壤脱氢酶(sDHA)检测试剂盒,24样,土壤,790,474,592.5,elisa
艾迪生,ADS-W-TR015-48,土壤脱氢酶(sDHA)检测试剂盒,48样,土壤,1292,775.2,969,elisa
艾迪生,ADS-F-TR021,土壤无机磷(S-PHOS)/速效磷含量检测试剂盒,48样,土壤,988,592.8,741,elisa
艾迪生,ADS-W-TR021,土壤无机磷(S-PHOS)/速效磷含量检测试剂盒,96样,土壤,1672,1003.2,1254,elisa
艾迪生,ADS-F-TR004,"土壤纤维素酶(S-CL)/内切-β-1,4葡聚糖酶活性检测试剂盒",24样,土壤,790,474,592.5,elisa
艾迪生,ADS-W-TR004,"土壤纤维素酶(S-CL)/内切-β-1,4葡聚糖酶活性检测试剂盒",48样,土壤,1490,894,1117.5,elisa
艾迪生,ADS-F-TR007,土壤蔗糖酶(S-SC)检测试剂盒,24样,土壤,684,410.4,513,elisa
艾迪生,ADS-F-TR007-48,土壤蔗糖酶(S-SC)检测试剂盒,48样,土壤,1201,720.6,900.75,elisa
艾迪生,ADS-W-TR007,土壤蔗糖酶(S-SC)检测试剂盒,48样,土壤,1322,793.2,991.5,elisa
艾迪生,ADS-W-TR007-96,土壤蔗糖酶(S-SC)检测试剂盒,96样,土壤,2280,1368,1710,elisa
艾迪生,ADS-F-TR009,土壤中性磷酸酶(S-NP)活性检测试剂盒,48样,土壤,456,273.6,342,elisa
艾迪生,ADS-W-TR009,土壤中性磷酸酶(S-NP)活性检测试剂盒,96样,土壤,684,410.4,513,elisa
艾迪生,ADS-F-TR028,土壤总磷/有机磷/无机磷含量检测试剂盒,48样,土壤,988,592.8,741,elisa
艾迪生,ADS-W-TR028,土壤总磷/有机磷/无机磷含量检测试剂盒,96样,土壤,1672,1003.2,1254,elisa
艾迪生,ADS-F-TR018,土壤碱性蛋白酶(S-ALPT)活性检测试剂盒,24样,土壤,941,564.6,705.75,elisa
艾迪生,ADS-W-TR017,土壤碱性蛋白酶(S-ALPT)活性检测试剂盒,48样,土壤,1669,1001.4,1251.75,elisa
艾迪生,ADS-F-TR017,土壤中性蛋白酶(S-NPT)活性检测试剂盒,24样,土壤,941,564.6,705.75,elisa
艾迪生,ADS-W-TR016,土壤中性蛋白酶(S-NPT)活性检测试剂盒,48样,土壤,1669,1001.4,1251.75,elisa
艾迪生,ADS-F-TR016,土壤酸性蛋白酶（S-ACPT ）活检测试剂盒,24样,土壤,941,564.6,705.75,elisa
艾迪生,ADS-W-TR015,土壤酸性蛋白酶（S-ACPT ）活检测试剂盒,48样,土壤,1669,1001.4,1251.75,elisa
艾迪生,ADS-F-ZM004,羧酸酯酶(CarE)活性检测试剂盒,48样,动物组织、细菌、细胞、液体（如发酵液等）,456,273.6,342,elisa
艾迪生,ADS-W-ZM004,羧酸酯酶(CarE)活性检测试剂盒,96样,动物组织、细菌、细胞、液体（如发酵液等）,790,474,592.5,elisa
艾迪生,ADS-F-ZM001,乙酰胆碱酯酶(AchE)活性检测试剂盒,48样,动物组织、细菌、细胞、液体（如发酵液等）,304,182.4,228,elisa
艾迪生,ADS-W-ZM001,乙酰胆碱酯酶(AchE)活性检测试剂盒,96样,动物组织、细菌、细胞、液体（如发酵液等）,578,346.8,433.5,elisa
艾迪生,ADS-F-ZM003-48,碱性磷酸酶(AKP/ALP)活性检测试剂盒,48样,动植物组织、细菌、细胞、液体（如血清、发酵液等）,304,182.4,228,elisa
艾迪生,ADS-W-ZM003-96,碱性磷酸酶(AKP/ALP)活性检测试剂盒,96样,动植物组织、细菌、细胞、液体（如血清、发酵液等）,532,319.2,399,elisa
艾迪生,ADS-F-ZM002-48,酸性磷酸酶(ACP)活性检测试剂盒,48样,动植物组织、细菌、细胞、液体（如血清、发酵液等）,304,182.4,228,elisa
艾迪生,ADS-W-ZM002-96,酸性磷酸酶(ACP)活性检测试剂盒,96样,动植物组织、细菌、细胞、液体（如血清、发酵液等）,532,319.2,399,elisa
艾迪生,ADS-F-N005,一氧化氮(NO)含量检测试剂盒,48样,动植物组织、细菌、细胞、液体,730,438,547.5,elisa
艾迪生,ADS-W-N005-96,一氧化氮(NO)含量检测试剂盒,96样,动植物组织、细菌、细胞、液体,1368,820.8,1026,elisa
艾迪生,ADS-F-XH001,H2S含量检测试剂盒,48样,动植物组织、细菌、细胞、液体,517,310.2,387.75,elisa
艾迪生,ADS-W-XH001,H2S含量检测试剂盒,96样,动植物组织、细菌、细胞、液体,1003,601.8,752.25,elisa
艾迪生,ADS-F-D038,水样中六价铬离子(Cr6+)浓度检测试剂盒,48样,水样,941,564.6,705.75,elisa
艾迪生,ADS-W-D038,水样中六价铬离子(Cr6+)浓度检测试剂盒,96样,水样,1745,1047,1308.75,elisa
艾迪生,ADS-F-D039,血钙浓度检测试剂盒,48样,血清、血浆,152,91.2,114,elisa
艾迪生,ADS-W-D039,血钙浓度检测试剂盒,96样,血清、血浆,274,164.4,205.5,elisa
艾迪生,ADS-F-D020-48,血钾浓度检测试剂盒,48样,血清、血浆,730,438,547.5,elisa
艾迪生,ADS-W-D020-96,血钾浓度检测试剂盒,96样,血清、血浆,1307,784.2,980.25,elisa
艾迪生,ADS-F-LZ005-48,血磷浓度检测试剂盒,48样,血清、血浆,243,145.8,182.25,elisa
艾迪生,ADS-W-LZ005-96,血磷浓度检测试剂盒,96样,血清、血浆,304,182.4,228,elisa
艾迪生,ADS-F-D021-48,血镁浓度检测试剂盒,48样,血清、血浆,258,154.8,193.5,elisa
艾迪生,ADS-W-D021-96,血镁浓度检测试剂盒,96样,血清、血浆,456,273.6,342,elisa
艾迪生,ADS-F-D019-48,血钠浓度检测试剂盒,48样,血清、血浆,532,319.2,399,elisa
艾迪生,ADS-W-D019-96,血钠浓度检测试剂盒,96样,血清、血浆,836,501.6,627,elisa
艾迪生,ADS-F-D040,血清铁浓度检测试剂盒,48样,血清、血浆,274,164.4,205.5,elisa
艾迪生,ADS-W-D040,血清铁浓度检测试剂盒,96样,血清、血浆,517,310.2,387.75,elisa
艾迪生,ADS-F-D041,血锌浓度检测试剂盒,48样,血清、血浆,608,364.8,456,elisa
艾迪生,ADS-W-D041,血锌浓度检测试剂盒,96样,血清、血浆,836,501.6,627,elisa
艾迪生,ADS-F-D027,血清总铁结合力(TIBC)检测试剂盒,48样,血清、血浆,304,182.4,228,elisa
艾迪生,ADS-W-D027,血清总铁结合力(TIBC)检测试剂盒,96样,血清、血浆,578,346.8,433.5,elisa
艾迪生,ADS-F-D042,组织无机磷含量测定试剂盒,48样,动物组织,917,550.2,687.75,elisa
艾迪生,ADS-W-D042,组织无机磷含量测定试剂盒,96样,动物组织,1667,1000.2,1250.25,elisa
艾迪生,ADS-F-D043,组织总磷含量测定试剂盒,48样,动物组织,917,550.2,687.75,elisa
艾迪生,ADS-W-D043,组织总磷含量测定试剂盒,96样,动物组织,1667,1000.2,1250.25,elisa
艾迪生,ADS-F-D045,转氢酶-2(TH-2)检测试剂盒,48样,动植物组织、细胞、细菌,1083,649.8,812.25,elisa
艾迪生,ADS-W-D045,转氢酶-2(TH-2)检测试剂盒,96样,动植物组织、细胞、细菌,2000,1200,1500,elisa
艾迪生,ADS-F-QT003,单胺氧化酶(MAO)检测试剂盒,48样,动植物组织、液体,517,310.2,387.75,elisa
艾迪生,ADS-W-QT003,单胺氧化酶(MAO)检测试剂盒,96样,动植物组织、液体,973,583.8,729.75,elisa
艾迪生,ADS-F-FM023,肌酸激酶(CK)检测试剂盒,48样,动物组织、细菌、细胞、血清、血浆,1186,711.6,889.5,elisa
艾迪生,ADS-W-FM023-48,肌酸激酶(CK)检测试剂盒,48样,动物组织、细菌、细胞、血清、血浆,912,547.2,684,elisa
艾迪生,ADS-W-FM023,肌酸激酶(CK)检测试剂盒,96样,动物组织、细菌、细胞、血清、血浆,1642,985.2,1231.5,elisa
艾迪生,ADS-F-QT006,甜菜碱(Betaine)含量检测试剂盒,48样,植物组织、液体,623,373.8,467.25,elisa
艾迪生,ADS-W-QT006,甜菜碱(Betaine)含量检测试剂盒,96样,植物组织、液体,1216,729.6,912,elisa
艾迪生,ADS-F-QT002,乙酸激酶(ACK)检测试剂盒,48样,动植物组织、细胞、细菌,1444,866.4,1083,elisa
艾迪生,ADS-W-QT002,乙酸激酶(ACK)检测试剂盒,96样,动植物组织、细胞、细菌,2645,1587,1983.75,elisa
艾迪生,ADS-F-QT001-48,异柠檬酸裂解酶(ICL)检测试剂盒,48样,植物组织、细胞、细菌,1125,675,843.75,elisa
艾迪生,ADS-W-QT001,异柠檬酸裂解酶(ICL)检测试剂盒,96样,植物组织、细胞、细菌,2158,1294.8,1618.5,elisa
艾迪生,ADS-F-QT010-48,脱氢酶(DHA)检测试剂盒,48样,植物组织,836,501.6,627,elisa
艾迪生,ADS-W-QT010-96,脱氢酶(DHA)检测试剂盒,96样,植物组织,1444,866.4,1083,elisa
艾迪生,ADS-F-D046,氨基比林-N-脱甲基酶(AND)活性检测试剂盒,24样,动物组织,1250,750,937.5,elisa
艾迪生,ADS-W-D046,氨基比林-N-脱甲基酶(AND)活性检测试剂盒,48样,动物组织,2333,1399.8,1749.75,elisa
艾迪生,ADS-F-D047,苯胺-4-羟化酶(AH)活性检测试剂盒,24样,动物组织,1250,750,937.5,elisa
艾迪生,ADS-W-D047,苯胺-4-羟化酶(AH)活性检测试剂盒,48样,动物组织,2483,1489.8,1862.25,elisa
艾迪生,ADS-F-D048,红霉素-N-脱甲基酶(ERND)活性检测试剂盒,24样,动物组织,1250,750,937.5,elisa
艾迪生,ADS-W-D048,红霉素-N-脱甲基酶(ERND)活性检测试剂盒,48样,动物组织,2333,1399.8,1749.75,elisa
艾迪生,ADS-F-D049,细胞色素b5(Cytochrome b5)含量测定试剂盒,48样,动物组织,500,300,375,elisa
艾迪生,ADS-W-D049,细胞色素b5(Cytochrome b5)含量测定试剂盒,96样,动物组织,917,550.2,687.75,elisa
艾迪生,ADS-F-D003,碱性蛋白酶(AKP)试剂盒,24样,动植物组织、细菌、细胞、液体,821,492.6,615.75,elisa
艾迪生,ADS-W-D003,碱性蛋白酶(AKP)试剂盒,48样,动植物组织、细菌、细胞、液体,1490,894,1117.5,elisa
艾迪生,ADS-F-D006-24,糜蛋白酶(Chymotrypsin)/胰凝乳蛋白酶检测试剂盒,24样,动物组织、液体、细胞,578,346.8,433.5,elisa
艾迪生,ADS-F-D006-48,糜蛋白酶(Chymotrypsin)/胰凝乳蛋白酶检测试剂盒,48样,动物组织、液体、细胞,1140,684,855,elisa
艾迪生,ADS-W-D006-48,糜蛋白酶(Chymotrypsin)/胰凝乳蛋白酶检测试剂盒,48样,动物组织、液体、细胞,1063,637.8,797.25,elisa
艾迪生,ADS-W-D006,糜蛋白酶(Chymotrypsin)/胰凝乳蛋白酶检测试剂盒,96样,动物组织、液体、细胞,1642,985.2,1231.5,elisa
艾迪生,ADS-F-D001,酸性蛋白酶试剂盒,24样,动植物组织、细菌、细胞、液体,821,492.6,615.75,elisa
艾迪生,ADS-W-D001,酸性蛋白酶试剂盒,48样,动植物组织、细菌、细胞、液体,1490,894,1117.5,elisa
艾迪生,ADS-F-D005,胃蛋白酶(Pepsin)试剂盒,24样,动物组织、液体、细胞,365,219,273.75,elisa
艾迪生,ADS-W-D005,胃蛋白酶(Pepsin)试剂盒,48样,动物组织、液体、细胞,669,401.4,501.75,elisa
艾迪生,ADS-F-D004-48,胰蛋白酶(Trypsin)试剂盒,48样,动物组织、液体、细胞,790,474,592.5,elisa
艾迪生,ADS-W-D004-48,胰蛋白酶(Trypsin)试剂盒,48样,动物组织、液体、细胞,821,492.6,615.75,elisa
艾迪生,ADS-W-D004,胰蛋白酶(Trypsin)试剂盒,96样,动物组织、液体、细胞,1429,857.4,1071.75,elisa
艾迪生,ADS-F-D002,中性蛋白酶(NP)试剂盒,24样,动植物组织、细菌、细胞、液体,821,492.6,615.75,elisa
艾迪生,ADS-W-D002,中性蛋白酶(NP)试剂盒,48样,动植物组织、细菌、细胞、液体,1490,894,1117.5,elisa
艾迪生,ADS-W-SP004,BCA法蛋白含量检测试剂盒,500T,动植物组织、血清、血浆、细胞、细菌,633,379.8,474.75,elisa
艾迪生,ADS-W-SP004-5000,BCA法蛋白含量检测试剂盒,5000T,动植物组织、血清、血浆、细胞、细菌,3000,1800,2250,elisa
艾迪生,ADS-W-SP004-100,BCA法蛋白含量检测试剂盒,100T,动植物组织、血清、血浆、细胞、细菌,288,172.8,216,elisa
艾迪生,ADS-W-SP004-200,BCA法蛋白含量检测试剂盒,200T,动植物组织、血清、血浆、细胞、细菌,546,327.6,409.5,elisa
艾迪生,ADS-F-SP004,BCA法蛋白含量检测试剂盒,50T,动植物组织、血清、血浆、细胞、细菌,152,91.2,114,elisa
艾迪生,ADS-F-SP004-100,BCA法蛋白含量检测试剂盒,100T,动植物组织、血清、血浆、细胞、细菌,288,172.8,216,elisa
艾迪生,ADS-W-SP003-500,考马斯亮蓝法测蛋白含量检测试剂盒,500T,动植物组织、血清、血浆、细胞、细菌,633,379.8,474.75,elisa
艾迪生,ADS-W-SP003,考马斯亮蓝法测蛋白含量检测试剂盒,5000T,动植物组织、血清、血浆、细胞、细菌,3000,1800,2250,elisa
艾迪生,ADS-F-SP001,可溶性蛋白含量(SP)试剂盒(双缩脲法),48样,动植物组织、血清、血浆、细胞、细菌,91,54.6,68.25,elisa
艾迪生,ADS-W-SP001,可溶性蛋白含量(SP)试剂盒(双缩脲法),96样,动植物组织、血清、血浆、细胞、细菌,213,127.8,159.75,elisa
艾迪生,ADS-F-G008,γ-谷氨酰半胱氨酸合成酶（γ-GCS）/γ-谷氨酰半胱氨酸连接酶（GCL）活性试剂盒,48样,动植物组织、细菌、细胞、液体,517,310.2,387.75,elisa
艾迪生,ADS-W-G008,γ-谷氨酰半胱氨酸合成酶（γ-GCS）/γ-谷氨酰半胱氨酸连接酶（GCL）活性试剂盒,96样,动植物组织、细菌、细胞、液体,942,565.2,706.5,elisa
艾迪生,ADS-F-G003-48,谷胱甘肽过氧化物酶(GSH-Px)检测试剂盒,48样,动植物组织、细菌、细胞、液体,654,392.4,490.5,elisa
艾迪生,ADS-W-G003-48,谷胱甘肽过氧化物酶(GSH-Px)检测试剂盒,48样,动植物组织、细菌、细胞、液体,638,382.8,478.5,elisa
艾迪生,ADS-W-G003,谷胱甘肽过氧化物酶(GSH-Px)检测试剂盒,96样,动植物组织、细菌、细胞、液体,1003,601.8,752.25,elisa
艾迪生,ADS-F-FM029-48,谷胱甘肽还原酶(GR)活性检测试剂盒,48样,动植物组织、细菌、细胞、液体,426,255.6,319.5,elisa
艾迪生,ADS-W-FM029,谷胱甘肽还原酶(GR)活性检测试剂盒,96样,动植物组织、细菌、细胞、液体,775,465,581.25,elisa
艾迪生,ADS-F-G001,还原型谷胱甘肽(GSH)含量检测试剂盒,48样,动植物组织、细菌、细胞、液体,228,136.8,171,elisa
艾迪生,ADS-W-G001,还原型谷胱甘肽(GSH)含量检测试剂盒,96样,动植物组织、细菌、细胞、液体,441,264.6,330.75,elisa
艾迪生,ADS-F-G002,氧化型谷胱甘肽(GSSG)含量检测试剂盒,48样,动植物组织、细菌、细胞、液体,426,255.6,319.5,elisa
艾迪生,ADS-W-G002-48,氧化型谷胱甘肽(GSSG)含量检测试剂盒,48样,动植物组织、细菌、细胞、液体,578,346.8,433.5,elisa
艾迪生,ADS-W-G002,氧化型谷胱甘肽(GSSG)含量检测试剂盒,96样,动植物组织、细菌、细胞、液体,836,501.6,627,elisa
艾迪生,ADS-F-G009,γ-谷氨酰转移酶（γ-GT)/γ-谷氨酰转肽酶活性试剂盒,48样,动植物组织、细菌、细胞、液体,289,173.4,216.75,elisa
艾迪生,ADS-W-G009,γ-谷氨酰转移酶（γ-GT)/γ-谷氨酰转肽酶活性试剂盒,96样,动植物组织、细菌、细胞、液体,547,328.2,410.25,elisa
艾迪生,ADS-F-G004-48,硫氧还蛋白过氧化物酶(TPX)活性检测试剂盒,48样,动植物组织、细菌、细胞、液体,456,273.6,342,elisa
艾迪生,ADS-W-G004,硫氧还蛋白过氧化物酶(TPX)活性检测试剂盒,96样,动植物组织、细菌、细胞、液体,821,492.6,615.75,elisa
艾迪生,ADS-F-FM028,硫氧还蛋白氧化还原酶(TrxR)活性检测试剂盒,48样,动植物组织、细菌、细胞、液体,456,273.6,342,elisa
艾迪生,ADS-W-FM028,硫氧还蛋白氧化还原酶(TrxR)活性检测试剂盒,96样,动植物组织、细菌、细胞、液体,684,410.4,513,elisa
艾迪生,ADS-F-VC004,抗坏血酸氧化酶(AAO)活性检测试剂盒,48样,植物组织,775,465,581.25,elisa
艾迪生,ADS-W-VC004,抗坏血酸氧化酶(AAO)活性检测试剂盒,96样,植物组织,1155,693,866.25,elisa
艾迪生,ADS-F-VC005,抗坏血酸过氧化物酶(APX)活性检测试剂盒,48样,植物组织,821,492.6,615.75,elisa
艾迪生,ADS-W-VC005,抗坏血酸过氧化物酶(APX)活性检测试剂盒,96样,植物组织,1292,775.2,969,elisa
艾迪生,ADS-F-V004,还原型抗坏血酸(AsA)/维生素C含量检测试剂盒,48样,植物组织、细胞、细菌、液体,684,410.4,513,elisa
艾迪生,ADS-W-V004-48,还原型抗坏血酸(AsA)/维生素C含量检测试剂盒,48样,植物组织、细胞、细菌、液体,684,410.4,513,elisa
艾迪生,ADS-W-V004,还原型抗坏血酸(AsA)/维生素C含量检测试剂盒,96样,植物组织、细胞、细菌、液体,1307,784.2,980.25,elisa
艾迪生,ADS-F-VC007,脱氢抗坏血酸还原酶(DHAR)试剂盒,48样,植物组织,912,547.2,684,elisa
艾迪生,ADS-W-VC007,脱氢抗坏血酸还原酶(DHAR)试剂盒,96样,植物组织,1186,711.6,889.5,elisa
艾迪生,ADS-F-VC002-24,氧化型/脱氢抗坏血酸(DHA)试剂盒,48样,植物组织、细胞、细菌、液体,684,410.4,513,elisa
艾迪生,ADS-W-VC002-48,氧化型/脱氢抗坏血酸(DHA)试剂盒,48样,植物组织、细胞、细菌、液体,684,410.4,513,elisa
艾迪生,ADS-W-VC002-96,氧化型/脱氢抗坏血酸(DHA)试剂盒,96样,植物组织、细胞、细菌、液体,1307,784.2,980.25,elisa
艾迪生,ADS-F-VC003,"L-半乳糖酸-1,4-内酯脱氢酶(Gal LDH)试剂盒",48样,植物组织,1748,1048.8,1311,elisa
艾迪生,ADS-W-VC003,"L-半乳糖酸-1,4-内酯脱氢酶(Gal LDH)试剂盒",96样,植物组织,3192,1915.2,2394,elisa
艾迪生,ADS-F-FM013,单脱氢抗坏血酸还原酶(MDHAR)活性检测试剂盒,48样,植物组织,1140,684,855,elisa
艾迪生,ADS-W-FM013,单脱氢抗坏血酸还原酶(MDHAR)活性检测试剂盒,96样,植物组织,1246,747.6,934.5,elisa
艾迪生,ADS-F-FM009-09,酰基转移酶(AAT)活性检测试剂盒,9样,动植物组织、细菌、细胞、液体,833,499.8,624.75,elisa
艾迪生,ADS-F-FM009-24,酰基转移酶(AAT)活性检测试剂盒,24样,动植物组织、细菌、细胞、液体,1307,784.2,980.25,elisa
艾迪生,ADS-F-FM009,酰基转移酶(AAT)活性检测试剂盒,48样,动植物组织、细菌、细胞、液体,2500,1500,1875,elisa
艾迪生,ADS-W-FM009,酰基转移酶(AAT)活性检测试剂盒,48样,动植物组织、细菌、细胞、液体,1824,1094.4,1368,elisa
艾迪生,ADS-F-FM012,乙醇脱氢酶(ADH)试剂盒,48样,动植物组织、细菌、细胞、液体,395,237,296.25,elisa
艾迪生,ADS-W-FM012,乙醇脱氢酶(ADH)试剂盒,96样,动植物组织、细菌、细胞、液体,760,456,570,elisa
艾迪生,ADS-F-FM024-09,脂肪酸合成酶(FAS)试剂盒,9样,动植物组织、细菌、细胞、液体,1167,700.2,875.25,elisa
艾迪生,ADS-F-FM024-25,脂肪酸合成酶(FAS)试剂盒,24样,动植物组织、细菌、细胞、液体,2432,1459.2,1824,elisa
艾迪生,ADS-F-FM024-48,脂肪酸合成酶(FAS)试剂盒,48样,动植物组织、细菌、细胞、液体,5000,3000,3750,elisa
艾迪生,ADS-W-FM024-48,脂肪酸合成酶(FAS)试剂盒,48样,动植物组织、细菌、细胞、液体,3344,2006.4,2508,elisa
艾迪生,ADS-F-ZF015,游离胆固醇(FC)试剂盒,48样,动植物组织、细菌、细胞、液体,274,164.4,205.5,elisa
艾迪生,ADS-W-ZF015,游离胆固醇(FC)试剂盒,96样,动植物组织、细菌、细胞、液体,532,319.2,399,elisa
艾迪生,ADS-F-ZF001-48,游离脂肪酸(FFA)含量检测试剂盒,48样,动植物组织、细菌、细胞、液体,1034,620.4,775.5,elisa
艾迪生,ADS-W-ZF001-96,游离脂肪酸(FFA)含量检测试剂盒,96样,动植物组织、细菌、细胞、液体,1763,1057.8,1322.25,elisa
艾迪生,ADS-F-ZF007-48,脂氧合酶(LOX)活性检测试剂盒,48样,动植物组织、细菌、细胞、液体,851,510.6,638.25,elisa
艾迪生,ADS-W-ZF007-96,脂氧合酶(LOX)活性检测试剂盒,96样,动植物组织、细菌、细胞、液体,1596,957.6,1197,elisa
艾迪生,ADS-F-FM010,脂蛋白脂酶(LPL)﹠肝脂酶(HL)活性检测试剂盒,48样,动物组织、血清、血浆,833,499.8,624.75,elisa
艾迪生,ADS-W-FM010,脂蛋白脂酶(LPL)﹠肝脂酶(HL)活性检测试剂盒,96样,动物组织、血清、血浆,1500,900,1125,elisa
艾迪生,ADS-F-ZF005,脂肪酶(LPS)活性检测试剂盒,48样,动植物组织、液体、细胞、细菌,456,273.6,342,elisa
艾迪生,ADS-W-ZF005,脂肪酶(LPS)活性检测试剂盒,96样,动植物组织、液体、细胞、细菌,882,529.2,661.5,elisa
艾迪生,ADS-F-FM011-48,丙酮酸脱羧酶(PDC)试剂盒,48样,动植物组织、液体、细胞、细菌,1064,638.4,798,elisa
艾迪生,ADS-W-FM011,丙酮酸脱羧酶(PDC)试剂盒,96样,动植物组织、液体、细胞、细菌,1915,1149,1436.25,elisa
艾迪生,ADS-F-ZF014,总胆固醇(TC)含量检测试剂盒,48样,动植物组织、液体、细胞、细菌,304,182.4,228,elisa
艾迪生,ADS-W-ZF014,总胆固醇(TC)含量检测试剂盒,96样,动植物组织、液体、细胞、细菌,593,355.8,444.75,elisa
艾迪生,ADS-F-KY016-48,总花青素(总花色苷)含量检测试剂盒,48样,植物组织,547,328.2,410.25,elisa
艾迪生,ADS-W-KY016-96,总花青素(总花色苷)含量检测试剂盒,96样,植物组织,1064,638.4,798,elisa
艾迪生,ADS-W-FM016,活性氧 （ROS）检测试剂盒,100T/50s,动植物组织、细胞、细菌,1200,720,900,elisa
索莱宝,111111,pbs*10,500ml,通用,500,400,450,elisa
碧云天,an-001,ptt99,852样,鼠,600,300,450,elisa
